{"stats":{"minecraft:used":{"minecraft:dirt":30,"minecraft:mutton":1},"minecraft:custom":{"minecraft:time_since_rest":13140,"minecraft:crouch_one_cm":292,"minecraft:sprint_one_cm":12253,"minecraft:play_time":13140,"minecraft:damage_taken":40,"minecraft:walk_one_cm":6154,"minecraft:sneak_time":100,"minecraft:mob_kills":1,"minecraft:jump":136,"minecraft:damage_dealt":78,"minecraft:leave_game":3,"minecraft:time_since_death":13140,"minecraft:total_world_time":13140,"minecraft:fall_one_cm":3606,"minecraft:fly_one_cm":13374},"minecraft:mined":{"minecraft:grass_block":10,"minecraft:vine":1,"minecraft:birch_log":6,"minecraft:jungle_leaves":7,"minecraft:birch_leaves":4,"minecraft:oak_leaves":1},"minecraft:killed":{"minecraft:sheep":1},"minecraft:picked_up":{"minecraft:birch_log":6,"minecraft:stick":1,"minecraft:mutton":1,"minecraft:dirt":10,"minecraft:white_wool":1}},"DataVersion":2975}